Краснодар (ж)-Рубин (ж),19.10.2023 в 21:00,1.81,3.60,4.00
Крузейро МГ-Фламенго,20.10.2023 в 05:00,3.25,3.25,2.29
Палмейрас-Атлетико Минейро,20.10.2023 в 05:00,1.96,3.35,4.20
Сантос СП-РБ Брагантино,20.10.2023 в 06:00,3.00,3.30,2.41
Флуминенсе-Коринтианс,20.10.2023 в 07:30,1.66,3.85,5.40
Томбенсе МГ-Вила Нова ГО,20.10.2023 в 05:00,2.85,3.10,2.65
Атлетико Гойаненсе-АБС РН,20.10.2023 в 05:00,1.38,4.70,9.20
Спортиво Лукеньо-Дженерал Кабаллеро,20.10.2023 в 05:30,1.90,3.55,4.10
Химнасия Эсгрима Ла Плата-Аргентинос Хуниорс,20.10.2023 в 02:00,2.85,3.00,2.50
Годой Круз-Сан-Лоренцо,20.10.2023 в 03:00,2.44,2.90,3.10
Колон де Санта-Фе-Ривер Плейт,20.10.2023 в 04:30,3.70,3.50,1.92
Росарио Сентраль-Велес Сарсфилд,20.10.2023 в 06:45,2.47,2.95,2.95
Сармиенто-Расинг,20.10.2023 в 07:00,3.00,3.20,2.30
Мэйчжоу Хакка-Чжэцзян Гринтаун,19.10.2023 в 18:35,4.30,3.90,1.79
Политехника Ясы-Сепси,20.10.2023 в 00:00,2.70,3.30,2.65
Ребордоса-Брага,20.10.2023 в 02:00,40.0,21.0,1.03
Карадаг Локбатан-Загатала,19.10.2023 в 16:00,2.24,3.55,2.85
Карван Евлах-МОИК Баку,19.10.2023 в 18:30,2.31,3.35,2.90
Годой Круз (рез)-Тигре (рез),19.10.2023 в 21:00,4.30,3.45,1.79
Сан Лоренцо де Альмагро (рез)-Сармьенто (рез),19.10.2023 в 21:00,2.60,3.20,2.60
Бельграно (рез)-Ланус (рез),19.10.2023 в 21:00,2.01,3.30,3.55
Эстудиантес (рез)-Бока Хуниорс (рез),19.10.2023 в 21:00,2.95,3.15,2.37
Ньюлс Олд Бойз (рез)-Атлетико Платенсе (рез),19.10.2023 в 21:00,2.15,3.40,3.15
Юнион де Санта-Фе (рез)-Централ Кордоба (рез),19.10.2023 в 21:00,2.05,3.20,3.55
Вест Армения-Арарат Ереван,19.10.2023 в 18:00,3.00,3.55,2.16
Калали-Аль-Будайя,19.10.2023 в 23:00,3.45,3.25,2.08
Малкия-Аль-Иттихад,19.10.2023 в 23:00,2.05,3.25,3.50
Аали-Аль-Иттифак,19.10.2023 в 23:00,1.71,3.65,4.50
Льерс Кемпензонен (до21)-Эйпен (до21),20.10.2023 в 01:00,2.43,4.40,2.27
Ибис-Центро Лимоеренсе ПЕ,20.10.2023 в 01:00,1.37,4.70,7.40
Ганза Росток 2-Грайсфвальдер,20.10.2023 в 00:00,4.60,4.30,1.59
Виктория-Реал Сосьедад Токоа,20.10.2023 в 06:00,2.38,3.35,2.80
Реал Эспанья-Марафон,20.10.2023 в 08:00,2.36,3.25,2.85
Вендсайссель-Хорсенс,20.10.2023 в 00:00,2.38,3.50,2.85
Крэнборн Буллетс-Булавайо Чифс,19.10.2023 в 20:00,3.05,3.00,2.40
Аль-Джалил-Аль-Акаба,19.10.2023 в 21:00,2.50,3.25,2.65
Пайкан-Персеполис,19.10.2023 в 20:20,8.40,3.60,1.47
Санат Нафт-Малаван,19.10.2023 в 22:30,2.47,2.80,3.15
Туран-Астана (мол),19.10.2023 в 16:00,1.11,8.40,18.0
Депортиво Перейра-Атлетико Насьональ Медельин,20.10.2023 в 08:00,2.75,2.89,2.69
Перак-Джохор,19.10.2023 в 20:00,30.0,11.0,1.04
Америка (ж)-Керетаро (ж),20.10.2023 в 04:45,1.07,10.0,20.0
Атлас (ж)-Гвадалахара (ж),20.10.2023 в 08:06,5.40,4.80,1.46
Тигрес Уанл (ж)-Монтеррей (ж),20.10.2023 в 10:06,1.66,4.00,4.40
Пачука (ж)-Некакса (ж),20.10.2023 в 10:10,1.06,11.0,23.0
Венадос-Атлетико Морелиа,20.10.2023 в 10:05,2.23,3.30,3.05
Шарджа-Аль-Иттихад Калба,19.10.2023 в 19:45,2.01,3.60,3.25
Аль-Наср Дубай-Аль-Айн,19.10.2023 в 22:30,2.90,3.65,2.16
Аль-Нахда-Сур,19.10.2023 в 21:15,1.44,4.20,6.60
Сан-Франциско-Эррера,20.10.2023 в 06:00,2.46,3.00,2.95
Спортинг Сан Мигелито-Альянса,20.10.2023 в 08:00,1.90,3.20,4.10
Муниципал Лимено-Онсе Депортиво,20.10.2023 в 07:00,2.32,3.35,2.85
Депортиво ФАС-Фуэртэ Сан-Франциско,20.10.2023 в 08:00,2.08,3.30,3.35
Мтибва Шугар-Каджера Шугар,19.10.2023 в 20:00,2.17,2.90,3.65
Аруа Хилл-Гадафи,19.10.2023 в 20:00,2.75,3.00,2.60
Бусога Юнайтед-Мбарара,19.10.2023 в 20:00,2.18,3.15,3.25
Насьональ Нуэва-Эльвесия-Прогресо,20.10.2023 в 06:30,4.60,3.85,1.65
Хуанико-Атенас Сан-Карлос,20.10.2023 в 06:30,4.40,3.40,1.79
Расинг Монтевидео-Атлетико Феникс Монтевидео,19.10.2023 в 22:00,2.41,3.05,3.00
Депортиво Мальдонадо-Ривер Плейт (УРУ),20.10.2023 в 00:30,2.39,3.15,2.90
Серро-Данубио,20.10.2023 в 03:00,3.15,3.20,2.23
Бостон Ривер-Насьональ Монтевидео,20.10.2023 в 06:15,4.00,3.55,1.81
Этхиопиан Медхин-Волайта Дича,19.10.2023 в 19:00,2.35,2.95,3.15
Сидама Бунна-Фасил Кенема,19.10.2023 в 22:00,3.40,2.90,2.28
Осасуна-Гранада,21.10.2023 в 02:00,1.84,3.80,4.30
Гавр-Ланс,21.10.2023 в 02:00,4.60,3.70,1.81
Чертаново (ж)-Крылья Советов (ж),20.10.2023 в 17:00,1.40,3.88,8.70
Ростов (ж)-Енисей Красноярск (ж),20.10.2023 в 20:00,1.30,5.20,8.00
Локомотив М (ж)-Рязань ВДВ (ж),20.10.2023 в 20:00,1.20,6.00,12.0
Ротерхэм Юнайтед-Ипсвич Таун,21.10.2023 в 02:00,6.00,4.40,1.50
Сампайо Корреа-Виториа БА,21.10.2023 в 05:00,2.65,3.00,2.90
Либертад Асунсьон-Спортиво Амелиано,21.10.2023 в 05:30,1.51,4.60,5.60
Ксамакс-Ньон,21.10.2023 в 00:30,1.70,4.10,4.40
Виль-Тун,21.10.2023 в 01:15,2.85,3.70,2.27
Ньюпорт Каунти-Уолсолл,21.10.2023 в 01:45,2.47,3.20,2.60
Транмир Роверс-Донкастер Роверс,21.10.2023 в 01:45,2.75,3.20,2.35
Тигре-Ньюэллс Олд Бойз,21.10.2023 в 02:45,2.31,2.95,3.05
Уракан-Институто Кордоба,21.10.2023 в 05:00,2.10,2.80,3.80
Тальерес Кордоба-Арсенал де Саранди,21.10.2023 в 05:00,1.44,4.10,6.40
Эльферсберг-Айнтрахт Брауншвейг,20.10.2023 в 23:30,1.78,3.95,4.00
Аль-Охдуд-Аль-Файха,20.10.2023 в 22:00,3.05,3.40,2.35
Аль-Таавун-Аль-Иттихад Джидда,20.10.2023 в 22:00,4.90,4.10,1.66
Аль-Фатех-Абха,21.10.2023 в 01:00,1.59,4.50,5.00
Аль-Хиляль Рияд-Аль-Халидж,21.10.2023 в 01:00,1.11,10.0,22.0
Эспаньол-Леганес,21.10.2023 в 02:00,1.62,3.80,5.60
Парма-Комо,21.10.2023 в 01:30,1.85,3.50,4.30
Утрехт (мол)-ПСВ Эйндховен (мол),21.10.2023 в 01:00,2.32,3.60,2.85
Ден Босх-Венло,21.10.2023 в 01:00,2.60,3.60,2.50
Маастрихт-Камбуур,21.10.2023 в 01:00,3.40,3.85,1.97
Де Граафсхап-Гронинген,21.10.2023 в 01:00,2.80,3.60,2.37
НАК Бреда-Стормвогелс Телстар,21.10.2023 в 01:00,1.49,4.60,6.00
Эммен-Ден Хааг,21.10.2023 в 01:00,2.03,3.70,3.35
Дордрехт-Аякс (мол),21.10.2023 в 01:00,2.07,4.00,3.05
Эйндховен-Хельмонд,21.10.2023 в 01:00,2.19,3.55,3.10
АЗ Алкмаар (мол)-Топ Осс,21.10.2023 в 01:00,1.78,3.90,4.10
Торпедо Жодино-Неман Гродно,20.10.2023 в 23:00,3.30,3.20,2.26
Юнион Сент-Жиллуаз-Эйпен,21.10.2023 в 01:45,1.28,6.00,10.0
Ламия-ПАС Яннина,21.10.2023 в 00:30,2.26,3.15,3.45
Хвидовре-Силькеборг,21.10.2023 в 00:00,5.40,4.30,1.57
Университи Колледж Дублин-Корк Сити,21.10.2023 в 01:45,5.60,4.30,1.56
Богемианс Дублин-Сент-Патрик Атлетик,21.10.2023 в 01:45,1.83,3.85,4.10
Дерри Сити-Шелбурн,21.10.2023 в 01:45,1.58,3.90,6.20
Слайго Роверс-Дандолк,21.10.2023 в 01:45,2.90,3.45,2.40
Шемрок Роверс-Дрогеда Юнайтед,21.10.2023 в 02:00,1.29,5.60,10.0
Чанчун Ятай-Шаньдун Таишань,20.10.2023 в 14:30,5.80,4.40,1.54
Далянь Профешнл-Ухань Шанвэнь,20.10.2023 в 14:30,2.95,3.65,2.30
Шанхай Порт-Бэйцзин Гоань,20.10.2023 в 18:35,1.42,5.00,6.80
Пяст Гливице-Погонь Щецин,20.10.2023 в 23:00,2.70,3.35,2.65
Ягеллония-Заглембе Любин,21.10.2023 в 01:30,2.75,3.45,2.49
Ута Арад-Рапид Бухарест,21.10.2023 в 01:00,3.45,3.35,2.17
Оболонь-Заря,20.10.2023 в 21:00,3.05,3.20,2.40
Металлист 1925-Кривбасс,20.10.2023 в 23:00,3.35,3.20,2.22
Аделаида Юнайтед-Централ Коаст Маринерс,20.10.2023 в 15:45,2.40,3.75,2.80
Лузитания-Бенфика,20.10.2023 в 22:30,40.0,25.0,1.03
Ковилья-Портимоненсе,21.10.2023 в 01:00,10.0,6.20,1.28
Вилар-де-Пердизеш-Порту,21.10.2023 в 02:45,45.0,26.0,1.02
Кавасаки Фронтале-Ависпа Фукуока,20.10.2023 в 17:00,1.89,3.65,4.20
Урава-Касива Рейсол,20.10.2023 в 17:30,1.90,3.55,4.30
Вентфорет Кофу-В-Варен Нагасаки,20.10.2023 в 17:00,2.20,3.65,3.00
Эйрдрионианс-Квинс Парк,21.10.2023 в 01:45,2.26,3.65,2.90
Аделаида Юнайтед (ж)-Централ Коаст Маринерс (ж),20.10.2023 в 13:00,1.91,3.75,3.45
Рид-Фёрст Вена,20.10.2023 в 23:10,1.57,4.30,5.40
Лафниц-Штрипфинг,20.10.2023 в 23:10,2.35,3.75,2.70
Флоридсдорфер-Амштеттен,20.10.2023 в 23:10,1.61,4.30,4.80
Адмира Ваккер-ГАК,21.10.2023 в 01:30,2.90,3.60,2.28
Трайскирхен-Донауфельд,20.10.2023 в 23:30,2.15,3.80,2.85
Дойтчландсбергер-Вольфсбергер АК,21.10.2023 в 00:00,1.41,5.20,5.60
Рапид Вена 2-Нойзидль,21.10.2023 в 00:00,-,-,-
Аллерхайлиген-Клагенфурт,21.10.2023 в 00:00,1.77,4.20,3.65
Винер Спортклуб-Мауэрверк,21.10.2023 в 00:30,1.28,5.60,8.40
Маршфельд Донауауэн-Оберварт,21.10.2023 в 00:30,1.68,4.10,4.20
Аустрия Вена 2-Электра,21.10.2023 в 01:00,1.73,4.00,4.00
Туран Товуз-Карабах,20.10.2023 в 21:30,7.60,4.80,1.35
Сабаил-Нефтчи,20.10.2023 в 23:30,2.80,3.00,2.55
Ван-Алашкерт,20.10.2023 в 18:00,8.20,4.90,1.32
Пюник-Арарат Армения,20.10.2023 в 18:00,1.94,3.50,3.60
Дейнце-Генк 2,21.10.2023 в 01:00,1.79,3.95,3.75
Биршот Вилрейк-Ломмель Юнайтед,21.10.2023 в 01:00,2.44,3.55,2.55
Ломмел Юнайтед (до21)-Вестерло (до21),21.10.2023 в 00:30,5.80,6.40,1.33
Дейнце (до21)-Патро Эйсден Маасмехелен (до21),21.10.2023 в 00:30,2.33,3.70,2.65
Васланд-Беверен (до21)-Остенде (до21),21.10.2023 в 00:30,4.60,4.50,1.56
Моленбек (до21)-Льеж (до21),21.10.2023 в 01:00,1.82,4.40,3.30
Дендер (до21)-Сент-Трюйден (до21),21.10.2023 в 01:00,5.40,4.90,1.45
Гент (ж)-Стандард Льеж (ж),21.10.2023 в 01:30,5.00,4.50,1.47
Крумовград-Этар Велико Тарново,20.10.2023 в 20:45,2.21,3.40,3.30
Локомотив Пловдив-Берое,20.10.2023 в 23:15,1.56,4.30,5.80
Спартак Варна-Черноморец Балчик,20.10.2023 в 20:00,1.26,4.90,12.0
Беласица Петрич-Литекс Ловеч,20.10.2023 в 20:00,2.08,3.10,3.60
Хайфон-Хоанг Ань Гялай,20.10.2023 в 18:00,1.81,3.55,4.00
Комуникасьонес-Антигуа,21.10.2023 в 06:00,1.75,3.50,4.10
Вальдхоф Мангейм-Боруссия Д 2,21.10.2023 в 00:00,2.75,3.45,2.35
Кёльн (ж)-Байер Л (ж),20.10.2023 в 23:30,3.90,3.75,1.80
Фойхт-Эльтерсдорф,21.10.2023 в 00:00,11.0,6.20,1.21
Хеннеф-Бергиш Гладбах,21.10.2023 в 00:30,3.15,3.80,2.01
Тура Харкшайде-Дюнебергер,21.10.2023 в 00:30,1.34,5.60,6.40
Киршхаймер-Исманинг,21.10.2023 в 00:30,-,-,-
ЕТСВ Гамбург-Гамбург-Эймсбаттелер,21.10.2023 в 00:30,2.30,3.95,2.55
Вельберт-Хилден,21.10.2023 в 00:30,2.65,3.65,2.33
Боннер-Фрехен,21.10.2023 в 01:00,2.55,3.70,2.38
Хюрт-Порц,21.10.2023 в 01:00,2.55,3.95,2.32
Бавария 2-Айнтрахт Бамберг,21.10.2023 в 00:00,-,-,-
Мемминген-Тюркгюджю Мюнхен,21.10.2023 в 00:00,5.80,4.60,1.46
Вегберг-Бек-Падерборн 2,21.10.2023 в 00:30,3.75,3.50,1.90
Герта Берлин 2-Динамо Берлин,21.10.2023 в 00:00,2.75,3.65,2.26
Кемницер-Луккенвальде,21.10.2023 в 00:00,1.91,3.65,3.50
Рот-Вайсс Эрфурт-Бабельсберг,21.10.2023 в 00:00,1.78,3.75,3.95
Киккерс Оффенбах-Кобленц,21.10.2023 в 00:00,1.18,6.80,11.0
Олимпиакос Б-Панатинаикос 2,20.10.2023 в 21:00,-,-,-
Шукура-Сабуртало Тбилиси,20.10.2023 в 18:00,9.40,5.80,1.25
Динамо Батуми-Дила Гори,20.10.2023 в 23:00,1.45,4.40,6.20
Хиллерёд-Фредериция,21.10.2023 в 00:00,3.00,3.55,2.24
Хобро-Хельсингор,21.10.2023 в 00:00,1.90,3.75,3.75
Сённерйюск-Колдинг,21.10.2023 в 00:00,1.74,4.10,4.20
Ольборг (ж)-Брондбю (ж),20.10.2023 в 22:00,8.60,5.00,1.31
Аль-Масри-Тала Аль-Гаиш,20.10.2023 в 20:00,2.02,2.95,4.10
Керамика Клеопатра-Эль-Дахлея,20.10.2023 в 20:00,1.70,3.35,5.20
Бали Юнайтед-Персебайя Сурабайя,20.10.2023 в 15:00,1.93,3.65,3.45
Тира Персикабо-ПСИС Семаранг,20.10.2023 в 15:00,3.05,3.50,2.15
ПСМ Макассар-Арема,20.10.2023 в 19:00,1.51,4.10,5.80
Шабаб Аль-Ордон-Аль-Сарих,20.10.2023 в 21:00,1.72,3.55,4.60
Аль-Салт-Аль-Джазира,20.10.2023 в 21:00,1.83,3.55,4.00
Рамтха-Аль-Сархан,20.10.2023 в 23:30,1.40,4.00,8.60
Эстегляль-Хавадар,20.10.2023 в 21:30,1.39,4.00,9.00
Фулад Хузистан-Эстегляль Хузестан,20.10.2023 в 22:30,1.88,2.95,4.80
Коб Рэмблерс-Керри,21.10.2023 в 01:45,1.27,5.60,7.60
Брей Уондерерс-Финн Харпс,21.10.2023 в 01:45,1.55,4.00,4.80
Голуэй Юнайтед-Вексфорд,21.10.2023 в 01:45,1.28,5.60,7.20
Уотерфорд-Трити Юнайтед,21.10.2023 в 01:45,1.42,4.70,5.40
Атлон Таун-Лонгфорд Таун,21.10.2023 в 01:45,1.75,3.85,3.75
Триестина-Виченца,21.10.2023 в 01:45,2.65,2.95,2.60
Аталанта (до23)-Леньяго Салюс,21.10.2023 в 01:45,1.88,3.25,3.85
Пицерно-Мессина,21.10.2023 в 01:45,1.71,3.20,4.90
Монополи-Виртус,21.10.2023 в 01:45,2.22,3.05,3.10
Виртус Верона-Фиорензола,21.10.2023 в 01:45,1.64,3.45,5.00
Тренто-Про Сесто,21.10.2023 в 01:45,1.71,3.25,4.80
Аль-Мархия-Аль-Шамал,20.10.2023 в 21:30,2.80,3.55,2.28
Энвигадо-Депортиво Кали,21.10.2023 в 04:00,3.10,3.15,2.36
Ягуарес де Кордоба-Депортиво Пасто,21.10.2023 в 06:10,2.23,3.05,3.50
Балкани-Лирия,20.10.2023 в 18:00,1.28,4.80,11.0
Аль-Кувейт-Хайтан,20.10.2023 в 21:40,1.27,5.60,8.80
Аль-Араби-Аль-Фехахил,21.10.2023 в 00:30,1.37,4.90,7.00
Гарлява-Паневежес 2,20.10.2023 в 23:00,1.90,3.85,3.40
Дайнава-Судува,20.10.2023 в 22:00,2.34,3.15,2.95
Пуэбла (до23)-Чивас Гвадалахара (до23),20.10.2023 в 22:00,2.24,3.40,2.95
Атлас (до23)-Масатлан (до23),20.10.2023 в 22:00,1.69,4.10,4.20
Коррекаминос 2-Симарронес де Сонора 2,20.10.2023 в 23:00,2.20,3.35,3.05
ПСВ Эйндховен (ж)-Утрехт (ж),21.10.2023 в 00:30,1.63,4.10,4.50
Телстар (ж)-Эксельсиор Роттердам (ж),21.10.2023 в 00:30,2.32,3.50,2.75
Фейеноорд (ж)-Херенвен (ж),21.10.2023 в 00:30,1.66,3.90,4.50
Зволле (ж)-АЗ Алкмаар (ж),21.10.2023 в 00:30,1.41,4.90,5.80
Кристчерч Юнайтед-Петоне,21.10.2023 в 06:00,1.36,5.00,6.20
Кашмир Техникал-Веллингтон Феникс (рез),21.10.2023 в 06:00,1.63,4.20,4.00
УТК де Кахамарка-Сезар Вальехо,21.10.2023 в 03:00,1.79,3.45,3.95
Хробры Глогув-Мотор Люблин,20.10.2023 в 23:00,3.75,3.55,1.96
Висла Краков-Ресовия,21.10.2023 в 01:30,1.45,4.60,6.40
Калиш-Лех Познань 2,20.10.2023 в 23:00,1.43,4.60,6.20
Висла Пулавы-Радуния Стеньжица,21.10.2023 в 01:30,2.24,3.30,2.85
Хелмианка Хелм-Сокол Синява,20.10.2023 в 19:30,1.55,4.20,5.00
Столем Гневино-Свит Скольвин,20.10.2023 в 20:00,-,-,-
Вязовница-Вислани Яськовице,20.10.2023 в 23:00,2.65,3.55,2.38
Брон Радом-ЛКС 1926 Ломжа,20.10.2023 в 23:00,2.01,3.80,3.15
Погонь Щецин (ж)-Катовице (ж),20.10.2023 в 20:00,3.40,3.80,1.91
Академико Визеу (до23)-Брага (до23),20.10.2023 в 17:00,2.33,3.55,2.70
Рио Аве (до23)-Фамаликан (до23),20.10.2023 в 17:00,4.20,3.90,1.71
Бенфика (до23)-Эстрелла Амадора (до23),21.10.2023 в 01:00,2.55,3.55,2.46
Чахлэул-Селимбар,20.10.2023 в 22:00,2.30,3.15,3.30
Клифтонвилл-Линфилд,21.10.2023 в 01:45,3.10,3.20,2.15
Ларне-Каррик Рейнджерс,21.10.2023 в 01:45,1.20,5.80,10.0
Нови Пазар-Чукарички,20.10.2023 в 22:00,3.00,3.20,2.28
Напредак-Раднички 1923,21.10.2023 в 00:00,2.47,2.95,2.95
Спартак Суботица-Партизан Белград,21.10.2023 в 01:00,5.80,4.30,1.49
Аль-Талия-Джебла,20.10.2023 в 18:00,3.70,3.15,2.03
Аль-Джаиш-Аль-Ватба,20.10.2023 в 18:00,2.25,2.90,3.45
Тишрин-Аль-Хория,20.10.2023 в 18:00,1.52,3.80,6.20
Погронье-Поважска-Быстрица,20.10.2023 в 22:00,2.11,3.50,3.10
ВиОн Злате-Моравце-Земплин Михаловце,20.10.2023 в 22:30,2.28,3.35,2.90
Табор Сежана-Фузинар,20.10.2023 в 20:00,2.70,3.50,2.38
Витанест Билье-Крка Ново Место,20.10.2023 в 20:00,2.60,3.45,2.49
Бринье-Гросуплье-Кэти Эмми Быстрица,20.10.2023 в 20:00,1.97,3.50,3.50
Триглав-Приморье,20.10.2023 в 22:00,3.05,3.35,2.21
Чианграй Юнайтед-Бурирам Юнайтед,20.10.2023 в 18:00,5.40,4.00,1.55
Патхум Юнайтед-Трат,20.10.2023 в 19:00,1.53,4.10,5.60
Пхрэ Юнайтед-Краби,20.10.2023 в 18:00,1.61,3.55,5.80
Металлург Бекабад-Бухара,20.10.2023 в 18:30,1.75,3.35,4.80
Пахтакор Ташкент-Турон,20.10.2023 в 21:00,1.18,6.20,14.0
Монпелье (ж)-Флери (ж),21.10.2023 в 02:00,2.32,3.45,2.65
Эпиналь-Ле Ман,21.10.2023 в 00:30,3.75,3.30,1.95
ГОАЛ-Нанси,21.10.2023 в 00:30,2.08,3.25,3.45
Мартик-Шатору,21.10.2023 в 00:30,1.94,3.25,3.90
Версаль-Мариньян Жиньяк,21.10.2023 в 00:30,1.77,3.35,4.60
Орлеан-Ньор,21.10.2023 в 00:30,2.55,3.20,2.65
Сошо-Вильфранш,21.10.2023 в 00:30,2.85,3.20,2.41
Ним-Дижон,21.10.2023 в 00:30,2.10,3.35,3.25
Сесвете-Биело Брдо,20.10.2023 в 20:00,1.84,3.35,4.20
Рудеш-Славен Белупо,20.10.2023 в 23:00,2.55,3.25,2.65
Границе-Фридек Мистек,20.10.2023 в 22:30,2.55,3.65,2.42
Здар Над Сазавоу-Спартак Велка Битеш,20.10.2023 в 23:00,1.38,5.00,6.60
Височина Йиглава-Вышков,20.10.2023 в 22:00,3.25,3.35,2.09
Пршибрам-Простеёв,20.10.2023 в 23:00,1.71,3.75,4.40
Норрчёпинг (ж)-Питеа (ж),20.10.2023 в 23:00,3.10,3.70,2.05
Россо Уддевалла (ж)-Джитекс ДФФ (ж),21.10.2023 в 00:00,3.60,4.10,1.79
Пайде Линнамеесконд 2-Таллин,21.10.2023 в 00:00,2.90,4.30,2.00
Хадия Хоссана-Волките Кетема,20.10.2023 в 19:00,2.22,3.00,3.40
Сент-Джордж-Шашемене Кенема,20.10.2023 в 22:00,1.49,3.90,6.60
ЖДР Старс-Претория Университи,20.10.2023 в 20:30,2.15,2.90,3.70
Ла Масия-Касрик Старс,20.10.2023 в 20:30,2.70,2.90,2.70
Милфорд-Венда,20.10.2023 в 20:30,2.07,3.15,3.60
Оренбург-Факел Воронеж,21.10.2023 в 16:00,1.84,3.70,4.40
Рубин-ЦСКА М,21.10.2023 в 18:00,3.30,3.55,2.18
Локомотив М-Динамо М,21.10.2023 в 20:30,2.50,3.65,2.70
Балтика-Краснодар,21.10.2023 в 23:00,3.15,3.35,2.37
Ливерпуль-Эвертон,21.10.2023 в 18:30,1.36,5.80,7.60
Манчестер Сити-Брайтон,21.10.2023 в 21:00,1.43,5.40,6.40
Брентфорд-Бёрнли,21.10.2023 в 21:00,1.82,3.80,4.50
Ньюкасл-Кристал Пэлас,21.10.2023 в 21:00,1.48,4.60,7.00
Ноттингем Форест-Лутон Таун,21.10.2023 в 21:00,1.66,3.85,5.60
Борнмут-Вулверхэмптон,21.10.2023 в 21:00,2.41,3.50,2.95
Челси-Арсенал,21.10.2023 в 23:30,3.10,3.50,2.32
Шеффилд Юнайтед-Манчестер Юнайтед,22.10.2023 в 02:00,7.00,5.00,1.43
Реал Сосьедад-Мальорка,21.10.2023 в 19:00,1.57,3.85,7.00
Хетафе-Бетис,21.10.2023 в 21:15,2.50,3.10,3.15
Севилья-Реал М,21.10.2023 в 23:30,4.10,3.85,1.88
Сельта-Атлетико М,22.10.2023 в 02:00,3.45,3.50,2.15
ПСЖ-Страсбур,21.10.2023 в 22:00,1.24,6.80,12.0
Ницца-Марсель,22.10.2023 в 02:00,2.44,3.35,3.00
Хоффенхайм-Айнтрахт Ф,21.10.2023 в 20:30,2.14,3.60,3.40
Дармштадт-РБ Лейпциг,21.10.2023 в 20:30,6.20,5.00,1.47
Фрайбург-Бохум,21.10.2023 в 20:30,1.73,3.95,4.80
Унион Берлин-Штутгарт,21.10.2023 в 20:30,2.50,3.55,2.80
Нэшвилл-Н-Й Ред Буллс,22.10.2023 в 05:00,3.10,3.65,2.26
Цинциннати-Атланта,22.10.2023 в 05:00,1.78,4.20,4.10
Торонто-Орландо Сити,22.10.2023 в 05:00,3.45,3.95,2.00
Н-Й Сити-Чикаго,22.10.2023 в 05:00,1.71,4.10,4.80
Коламбус Крю-Монреаль,22.10.2023 в 05:00,1.45,5.20,6.40
Нью Ингланд-Филадельфия,22.10.2023 в 05:00,2.05,4.00,3.30
ПСВ Эйндховен-Фортуна Ситтард,21.10.2023 в 23:45,1.11,9.40,19.0
Ваалвейк-Волендам,21.10.2023 в 23:45,1.68,4.20,4.40
НЕК Неймеген-Алмере Сити,22.10.2023 в 01:00,1.79,3.85,4.10
Фейеноорд-Витесс,22.10.2023 в 02:00,1.15,8.00,16.0
АЗ Алкмар-Херенвен,22.10.2023 в 02:00,1.29,5.60,9.20
Зенит С-Пб (ж)-Звезда-2005 (ж),21.10.2023 в 20:30,1.10,7.80,19.0
ЦСКА (ж)-Динамо М (ж),21.10.2023 в 20:30,1.25,5.50,10.0
Куяба-Гояс,22.10.2023 в 04:30,1.95,3.15,4.30
Престон-Миллуолл,21.10.2023 в 18:30,2.36,3.15,3.00
Вест Бромвич-Плимут Аргайл,21.10.2023 в 21:00,1.70,3.80,4.60
Сток Сити-Сандерленд,21.10.2023 в 21:00,2.41,3.40,2.75
Суонси Сити-Лестер Сити,21.10.2023 в 21:00,4.20,3.80,1.76
Норвич Сити-Лидс Юнайтед,21.10.2023 в 21:00,2.90,3.50,2.27
Бристоль Сити-Ковентри Сити,21.10.2023 в 21:00,2.35,3.35,2.90
Блэкберн Роверс-Кардифф Сити,21.10.2023 в 21:00,2.04,3.55,3.35
Уотфорд-Шеффилд Уэнсдей,21.10.2023 в 21:00,1.69,3.60,5.00
Мидлсбро-Бирмингем,21.10.2023 в 21:00,1.77,3.70,4.30
Хаддерсфилд Таун-КПР,21.10.2023 в 21:00,1.96,3.45,3.75
Халл Сити-Саутгемптон,21.10.2023 в 21:00,2.85,3.45,2.33
Мирассол СП-Гуарани СП,21.10.2023 в 07:30,1.83,3.30,4.70
Спорт Ресифи ПЕ-Шапекоэнсе,21.10.2023 в 07:30,1.52,3.95,6.60
Ботафого СП-Гремио Новоризонтино СП,22.10.2023 в 03:00,3.25,3.00,2.35
КРБ АЛ-Крисиума СК,22.10.2023 в 03:00,2.03,3.20,3.80
Жувентуде РС-Лондрина ПР,22.10.2023 в 04:00,1.41,4.10,8.60
Олимпия Асунсьон-Спортиво Триниденсе,22.10.2023 в 04:00,1.77,3.80,4.10
Серро Портеньо-Ресистенсия,22.10.2023 в 06:30,1.39,4.90,7.00
Баден-Сьон,21.10.2023 в 23:00,5.40,4.30,1.53
Флитвуд Таун-Линкольн Сити,21.10.2023 в 21:00,2.15,3.50,3.10
Лейтон Ориент-Барнсли,21.10.2023 в 21:00,2.85,3.35,2.39
Болтон Уондерерс-Нортгемптон Таун,21.10.2023 в 21:00,1.80,3.75,4.10
Эксетер Сити-Уиган Атлетик,21.10.2023 в 21:00,2.07,3.45,3.35
Бартон Альбион-Бристоль Роверс,21.10.2023 в 21:00,2.70,3.50,2.42
Чарльтон Атлетик-Рединг,21.10.2023 в 21:00,1.84,3.70,3.90
Шрусбери Таун-Дерби Каунти,21.10.2023 в 21:00,3.95,3.45,1.90
Оксфорд Юнайтед-Блэкпул,21.10.2023 в 21:00,1.90,3.55,3.80
Стевенэйдж-Порт Вэйл,21.10.2023 в 21:00,1.86,3.50,4.10
Питерборо Юнайтед-Уиком Уондерерс,21.10.2023 в 21:00,1.76,3.75,4.20
Портсмут-Карлайл Юнайтед,21.10.2023 в 21:00,1.52,4.20,5.80
Челтенхем Таун-Кембридж Юнайтед,21.10.2023 в 21:00,2.95,3.30,2.33
Саттон Юнайтед-Моркам,21.10.2023 в 21:00,2.27,3.25,2.85
Аккрингтон Стенли-МК Донс,21.10.2023 в 21:00,2.55,3.30,2.46
Джиллингем-Ноттс Каунти,21.10.2023 в 21:00,2.55,3.30,2.50
Колчестер Юнайтед-Харрогейт Таун,21.10.2023 в 21:00,1.92,3.45,3.45
Кроули Таун-Кру Александра,21.10.2023 в 21:00,2.02,3.45,3.15
Мансфилд Таун-Форест Грин Роверс,21.10.2023 в 21:00,1.44,4.30,5.80
Солфорд Сити-Суиндон Таун,21.10.2023 в 21:00,2.55,3.45,2.38
Барроу-Уимблдон,21.10.2023 в 21:00,2.80,3.10,2.40
Стокпорт Каунти-Гримсби Таун,21.10.2023 в 21:00,1.52,3.95,5.20
Бредфорд Сити-Рексхем,21.10.2023 в 21:00,2.65,3.20,2.43
Бока Хуниорс-Юнион де Санта-Фе,21.10.2023 в 07:30,1.84,3.20,4.10
Оснабрюк-Веен,21.10.2023 в 18:00,2.19,3.65,2.95
Падерборн-Санкт-Паули,21.10.2023 в 18:00,3.15,3.70,2.08
Фортуна Д-Кайзерслаутерн,22.10.2023 в 01:30,1.89,3.75,3.65
Аль-Хазм-Аль-Раед,21.10.2023 в 22:00,2.46,3.60,2.65
Аль-Наср-Дамак,21.10.2023 в 22:00,1.13,8.60,16.0
Аль-Шабаб-Аль-Таи,22.10.2023 в 01:00,1.48,4.50,6.20
Аль-Ахли Сауди-Аль-Вехда Мекка,22.10.2023 в 01:00,1.30,5.60,9.00
Кайсериспор-Кайкур Ризеспор,21.10.2023 в 17:30,2.30,3.35,3.05
Газиантеп-Антальяспор,21.10.2023 в 20:00,2.65,3.35,2.55
Коньяспор-Пендикспор,21.10.2023 в 20:00,1.73,3.80,4.50
Галатасарай-Бешикташ,21.10.2023 в 23:00,1.63,4.10,4.80
Вильярреал Б-Мирандес,21.10.2023 в 21:15,2.06,3.50,3.35
Аморебьета-Овьедо,21.10.2023 в 21:15,3.00,2.95,2.50
Тенерифе-Леванте,21.10.2023 в 23:30,2.11,3.15,3.60
Сарагоса-Эйбар,22.10.2023 в 02:00,2.55,3.00,2.85
Бари-Модена,21.10.2023 в 19:00,2.03,3.20,3.80
Лекко-Асколи,21.10.2023 в 19:00,2.38,3.20,3.00
Кремонезе-Зюйдтироль,21.10.2023 в 19:00,1.68,3.55,5.20
Пиза-Читтаделла,21.10.2023 в 19:00,2.30,3.05,3.30
Тернана-Брешиа,21.10.2023 в 19:00,2.43,3.10,2.95
Катанцаро-Фералписало,21.10.2023 в 21:15,1.61,3.75,5.40
Рода-Виллем 2,22.10.2023 в 01:00,2.14,3.50,3.15
Кан-Осер,21.10.2023 в 20:00,3.10,3.40,2.20
Аннеси-Амьен,22.10.2023 в 00:00,2.60,3.20,2.70
Анже-Бордо,22.10.2023 в 00:00,2.44,3.25,2.85
Дюнкерк-Париж,22.10.2023 в 00:00,2.47,3.20,2.85
Гренобль-Валансьен,22.10.2023 в 00:00,2.03,3.20,3.80
Родез Авейрон-Бастия,22.10.2023 в 00:00,1.85,3.60,4.00
Аяччо-По,22.10.2023 в 00:00,1.79,3.35,4.70
Генгам-Кевийи Руан,22.10.2023 в 00:00,1.89,3.45,4.00
Труа-Конкарно,22.10.2023 в 00:00,2.05,3.45,3.40
Ислочь-Нафтан,21.10.2023 в 19:00,1.54,4.10,5.80
Славия Мозырь-БАТЭ,22.10.2023 в 00:30,2.65,3.40,2.50
Штурм Грац-Хартберг,21.10.2023 в 22:00,1.52,4.40,5.60
Блау Вайс Линц-Аустрия Лустенау,21.10.2023 в 22:00,1.82,3.80,4.00
РБ Зальцбург-ЛАСК,21.10.2023 в 22:00,1.55,4.30,5.40
Кортрийк-Брюгге,21.10.2023 в 21:00,6.60,5.00,1.42
Моленбек-Вестерло,21.10.2023 в 23:15,2.25,3.60,2.95
Шарлеруа-Антверпен,22.10.2023 в 01:45,3.20,3.45,2.17
Кишварда-Мезёкёвешд,21.10.2023 в 17:30,1.88,3.60,4.00
Залаэгерсег-Пакш,21.10.2023 в 19:45,2.55,3.55,2.60
Уйпешт-Кечкемет,21.10.2023 в 22:00,2.12,3.35,3.45
Панетоликос-Волос,21.10.2023 в 21:30,2.12,3.30,3.55
Пансерраикос-Арис Салоники,22.10.2023 в 00:00,3.50,3.15,2.20
Копенгаген-Вейле,21.10.2023 в 22:00,1.35,5.20,8.00
Арис Лимассол-Этникос Ахна,21.10.2023 в 23:00,1.31,5.60,8.60
АЕК Ларнака-Кармиотисса,21.10.2023 в 23:00,1.34,5.20,8.00
АПОЭЛ-Неа Саламина,21.10.2023 в 23:00,1.43,4.60,7.00
Хэнань Суншань Лунмэн-Цанчжоу Майти Лайонс,21.10.2023 в 14:30,1.60,4.10,5.20
Наньтун Чжиюнь-Шанхай Шенхуа,21.10.2023 в 18:35,3.85,3.50,1.93
Атлас-Масатлан,21.10.2023 в 08:00,1.63,4.00,5.00
Хуарес-Пачука,21.10.2023 в 08:06,2.29,3.55,2.90
Пуэбла-Гвадалахара Чивас,21.10.2023 в 10:00,3.00,3.50,2.27
Леон-Депортиво Толука,22.10.2023 в 06:00,2.09,3.70,3.10
Будё-Глимт-Сандефьорд,21.10.2023 в 20:00,1.16,8.20,13.0
Бранн-Мольде,21.10.2023 в 23:00,2.37,3.75,2.70
Пушча Неполомице-Краковия Краков,21.10.2023 в 20:00,3.65,3.40,2.03
Шленск Вроцлав-Легия Варшава,21.10.2023 в 22:30,3.40,3.40,2.12
Лех-ЛКС Лодзь,22.10.2023 в 01:00,1.29,5.60,9.40
Германштадт-Динамо Бухарест,21.10.2023 в 21:00,1.81,3.50,4.50
Фарул Константа-Университатя Клуж,22.10.2023 в 01:45,1.82,3.60,4.30
Черноморец Одесса-Минай,21.10.2023 в 19:00,1.60,3.85,5.40
Шахтер Д-Черкасы,21.10.2023 в 21:00,1.30,5.20,9.20
Александрия-Колос Ковалёвка,21.10.2023 в 23:00,2.49,2.95,3.00
Оулу-Хака Валкеакоски,21.10.2023 в 19:00,2.22,3.70,2.95
КТП Котка-Мариехамн,21.10.2023 в 19:00,2.25,3.65,2.95
Лахти-Ильвес,21.10.2023 в 19:00,2.85,3.50,2.36
Хонка-Интер Турку,21.10.2023 в 21:00,2.05,3.70,3.30
ХИК Хельсинки-КуПС,21.10.2023 в 21:00,2.01,3.65,3.45
СИК-ВПС,21.10.2023 в 21:00,2.47,3.55,2.70
Пардубице-Сигма Оломоуц,21.10.2023 в 20:00,2.80,3.55,2.33
Фастав Злин-Млада Болеслав,21.10.2023 в 20:00,3.05,3.55,2.17
Карвина-Градец Кралове,21.10.2023 в 20:00,2.22,3.45,3.05
Слован Либерец-Виктория Плзень,21.10.2023 в 20:00,4.00,3.95,1.76
Славия Прага-Словацко,21.10.2023 в 23:00,1.30,5.40,8.60
Лозанна Уши-Лозанна,21.10.2023 в 23:00,2.90,3.75,2.24
Янг Бойз-Цюрих,21.10.2023 в 23:00,1.81,3.90,3.95
Базель-Серветт,22.10.2023 в 01:30,2.55,3.70,2.50
Дегерфорс-Кальмар,21.10.2023 в 20:00,2.75,3.35,2.50
Сириус-Броммапойкарна,21.10.2023 в 22:30,1.89,3.80,3.75
Росс Каунти-Сент-Миррен,21.10.2023 в 21:00,2.55,3.25,2.70
Мотеруэлл-21.10.23 21:00,21.10.2023 в 21:00,2.80,3.20,2.47
Килмарнок-Ливингстон,21.10.2023 в 21:00,1.94,3.45,3.75
Глазго Рейнджерс-Хиберниан,21.10.2023 в 21:00,1.38,4.90,7.20
Абердин-Данди,22.10.2023 в 00:00,1.69,3.85,4.60
Кванджу-Ульсан,21.10.2023 в 12:00,2.90,3.35,2.50
Макартур-Брисбен Роар,21.10.2023 в 11:30,2.49,3.70,2.70
Мельбурн Сити-Вестерн Юнайтед,21.10.2023 в 13:30,1.62,4.40,5.00
Сидней-Мельбурн Виктори,21.10.2023 в 15:45,2.05,3.80,3.50
Санта-Клара-Вианенсе,21.10.2023 в 18:00,1.19,8.00,13.0
Униао Паредес-Морейренсе,21.10.2023 в 20:00,35.0,21.0,1.04
Рабу-ди-Пейши-Каса Пиа,21.10.2023 в 21:00,29.0,19.0,1.05
Насьонал Мадейра-Мирандела,21.10.2023 в 21:00,1.34,6.40,7.40
Атлетико КП-Визела,21.10.2023 в 21:00,11.0,7.00,1.24
Вила Меа-Эштрела,21.10.2023 в 21:30,35.0,24.0,1.03
Малвейра-Марко 09,21.10.2023 в 22:30,3.60,3.45,2.13
Лейшоеш-Витория Сетубал,21.10.2023 в 23:00,1.70,4.40,4.40
Фелгейраш-Арока,22.10.2023 в 01:00,6.60,4.40,1.51
Академика Визеу-Лейрия,22.10.2023 в 02:00,2.39,3.20,3.20
Албирекс Ниигата-Саган Тосу,21.10.2023 в 11:00,2.02,3.70,3.65
Виссел Кобе-Касима Антлерс,21.10.2023 в 12:00,2.23,3.35,3.40
Йокогама Маринос-Консадоле Саппоро,21.10.2023 в 12:00,1.98,4.20,3.35
Йокогама-Токио,21.10.2023 в 12:00,3.00,3.45,2.39
Гамба Осака-Нагоя Грампус,21.10.2023 в 12:00,2.85,3.30,2.55
Киото-Сенан Беллмаре,21.10.2023 в 13:00,2.24,3.50,3.25
Санфречче Хиросима-Серезо Осака,21.10.2023 в 14:00,1.89,3.70,4.20
Чеонан-Соннам,21.10.2023 в 11:30,3.30,3.35,2.19
Пучхон-Аньянг,21.10.2023 в 14:00,2.41,3.30,2.85
Чунгнам Асан-Пусан Парк,21.10.2023 в 16:30,3.50,3.35,2.06
Хвасон-Почён Ситизен,21.10.2023 в 12:00,1.63,3.45,5.20
Иваки-Симидзу С-Палс,21.10.2023 в 11:00,3.35,3.65,2.05
Сагамихара-Эхиме,21.10.2023 в 12:00,3.15,3.20,2.13
Рюйкю-Имабари,21.10.2023 в 16:30,2.85,3.10,2.36
Партик Тисл-Данди Юнайтед,21.10.2023 в 21:00,2.65,3.50,2.45
Данфермлайн Атлетик-Эйр Юнайтед,21.10.2023 в 21:00,1.90,3.60,3.75
Гринок Мортон-Инвернесс Каледониан Тисл,21.10.2023 в 21:00,2.17,3.35,3.20
Арброт-Райт Роверс,21.10.2023 в 21:00,2.55,3.25,2.70
Мельбурн Сити (ж)-Канберра Юнайтед (ж),21.10.2023 в 10:45,1.47,4.50,5.00
Брисбен Роар (ж)-Сидней (ж),21.10.2023 в 12:00,5.80,4.30,1.44
Штурм Грац 2-Лиферинг,21.10.2023 в 19:30,2.85,3.95,2.17
Капфенберг-Дорнбирн,21.10.2023 в 19:30,2.04,3.45,3.40
Брегенц-Хорн,21.10.2023 в 19:30,2.12,3.70,3.05
Унион Гюртен-Форвертс Штайр,21.10.2023 в 21:00,1.87,3.65,3.40
Винер Виктория-Кремсер,21.10.2023 в 21:00,2.26,3.60,2.60
Леобендорф-Фаворитнер,21.10.2023 в 21:30,1.85,3.75,3.40
Войтсберг-22.10.23 00:00,22.10.2023 в 00:00,6.60,4.90,1.35
Кяпаз-Зира,21.10.2023 в 18:00,5.40,3.70,1.54
Сабах-Сумгаит,21.10.2023 в 21:00,1.78,3.30,4.20
Маргейт-Хештег Юнайтед,21.10.2023 в 21:00,2.43,3.40,2.55
Кингстониан-Фолкстон Инвикта,21.10.2023 в 21:00,3.15,3.70,1.96
Поттерс Бар Таун-Крей Уондерерс,21.10.2023 в 21:00,2.38,3.50,2.55
Конкорд Рейнджерс-Чатхам Таун,21.10.2023 в 21:00,3.75,3.75,1.76
Уайтхок-Далвич Гамлет,21.10.2023 в 21:00,1.84,3.80,3.40
Льюис-Энфилд Таун,21.10.2023 в 21:00,2.28,3.50,2.65
Биллерики Таун-Гастингс Юнайтед,21.10.2023 в 21:00,1.70,3.65,4.20
Уингейт энд Финчли-Канви Айленд,21.10.2023 в 21:00,2.95,3.60,2.07
Каршалтон Атлетик-Хоршам,21.10.2023 в 21:00,2.02,3.50,3.15
Галифакс Таун-Киддерминстер Харриерс,21.10.2023 в 21:00,2.10,3.40,3.30
Олтрингем-Доркинг Уондерерс,21.10.2023 в 21:00,1.69,4.10,4.30
Алдершот Таун-Хартлпул Юнайтед,21.10.2023 в 21:00,2.60,3.65,2.43
Бромли-Оксфорд Сити,21.10.2023 в 21:00,1.68,4.10,4.30
Честерфилд-Гейтсхед,21.10.2023 в 21:00,1.65,4.40,4.20
Дагенхем Энд Редбридж-Уокинг,21.10.2023 в 21:00,2.95,3.50,2.26
Рочдейл-Олдхэм,21.10.2023 в 21:00,2.24,3.50,2.95
Саутенд Юнайтед-Солихалл Мурс,21.10.2023 в 21:00,1.88,3.55,3.90
Фильде-Эббсфлит Юнайтед,21.10.2023 в 21:00,2.08,3.90,3.00
Истли-Йорк Сити,21.10.2023 в 21:00,2.08,3.60,3.20
Барнет-Мейденхед Юнайтед,21.10.2023 в 21:00,1.41,4.70,6.80
Уэлдстон-Борэм Вуд,21.10.2023 в 23:30,2.31,3.45,2.90
Скарборо Атлетик-Бакстон,21.10.2023 в 21:00,5.40,3.70,1.55
Фарсли Селтик-Брэкли Таун,21.10.2023 в 21:00,2.35,3.20,2.75
Глостер Сити-Алфертон Таун,21.10.2023 в 21:00,2.49,3.35,2.50
Блит Спартанс-Тамворт,21.10.2023 в 21:00,3.55,3.50,1.88
Рашолл Олимпик-Чорли,21.10.2023 в 21:00,3.00,3.40,2.12
Херефорд Юнайтед-Керзон Аштон,21.10.2023 в 21:00,2.30,3.20,2.85
Банбери Юнайтед-Дарлингтон,21.10.2023 в 21:00,1.97,3.40,3.35
Честер-Сканторп Юнайтед,21.10.2023 в 21:00,2.46,3.35,2.55
Питерборо Спортс-Саутпорт,21.10.2023 в 21:00,2.50,3.35,2.49
Бишопс Стортфорд-Уоррингтон Таун,21.10.2023 в 21:00,2.13,3.30,3.05
Саут Шилдс-Кингс Линн,21.10.2023 в 21:00,1.56,3.90,4.90
